words,lenword_count
一个朋友要去日本了送什么礼物呢,1.0
东方一般送父母朋友的礼物图片,1.0
中班手工活动送给朋友的礼物,1.0
中班手工送给朋友的礼物反思,1.0
中班送给朋友的礼物活动反思,1.0
买啥礼物送日本朋友,1.0
你送了朋友生日礼物朋友却没送你,1.0
儿童节大朋友礼物说说,1.0
儿童节送女生朋友礼物,1.0
关于感谢朋友送给自己礼物英文,1.0
写信感谢朋友送礼物的英语作文,1.0
去找附近朋友玩要不要带礼物去,1.0
去朋友里带什么礼物,7.0
去美国给朋友带什么礼物,2.0
去美国给朋友带什么礼物好,1.0
去韩国买什么礼物送朋友,1.0
圣诞节送朋友什么礼物有创意的,1.0
大班社会教案送给好朋友的礼物,1.0
女异性朋友生日送什么礼物好,1.0
女生好朋友过生日送什么礼物好,1.0
女生朋友生日送什么礼物好,1.0
女生朋友过生日送什么礼物好,3.0
女生生日送什么礼物好朋友,1.0
女的朋友生日送什么礼物好,4.0
好朋友18岁生日送什么礼物,1.0
好朋友礼物收了不看,1.0
如何说感谢朋友送的礼物,1.0
小学生送朋友创意礼物,1.0
幼儿园美术教案送给好朋友的礼物,1.0
快过年了送朋友礼物写的祝福,1.0
情人节男性朋友送你礼物该不该收,1.0
情人节送好朋友什么礼物最有意义,1.0
情人节送给朋友礼物幽默图片,1.0
感谢朋友的礼物用英语写感谢信,1.0
感谢朋友礼物的信英语怎么说,1.0
感谢朋友送宝宝的礼物,1.0
感谢朋友送的礼物句子,1.0
感谢朋友送的礼物怎么晒朋友圈,1.0
感谢朋友送的礼物用英语写作业,1.0
感谢朋友送的贵重礼物语句,1.0
我送朋友的礼物作文400字,1.0
折纸送给朋友的礼物盒制作图解,1.0
收外朋友礼物后用英语怎么说,1.0
收朋友礼物说说,1.0
最好的朋友18岁生日送什么礼物,1.0
朋友18岁生日送什么礼物,10.0
朋友18岁生日送什么礼物好,3.0
朋友30岁生日送钱还是礼物,1.0
朋友4岁女儿生日送什么礼物好,1.0
朋友不送礼物你会去庆祝她生日吗,1.0
朋友两岁的女孩生日送什么礼物,1.0
朋友从日本回来了送的礼物日语怎么说,1.0
朋友去日本留学送什么礼物,1.0
朋友去日本送什么礼物,3.0
朋友去美国送什么礼物,2.0
朋友在日本过生日怎么送他礼物,1.0
朋友女的过生日送什么礼物,2.0
朋友女的过生日送什么礼物好,1.0
朋友妈妈生日送什么礼物,13.0
朋友宝宝周岁送什么礼物好,1.0
朋友宝宝过周岁送什么礼物好呢,1.0
朋友小孩过生日去吃饭要送礼物吗,1.0
朋友小孩过生日送什么礼物好吗,1.0
朋友拒绝收礼物怎么说,1.0
朋友是杨洋的粉丝生日送什么礼物,1.0
朋友有小孩去她家都要买礼物的麽,1.0
朋友母亲生日送什么礼物,1.0
朋友父亲过生日送什么礼物,2.0
朋友父母过生日送什么礼物,1.0
朋友生日没有买礼物怎么说,1.0
朋友生日送什么礼物好女孩,3.0
朋友生日送什么礼物好女的,4.0
朋友生日送什么礼物好男的,1.0
朋友生日送多少钱礼物的,2.0
朋友生日送特别的礼物,1.0
朋友的女朋友过生日送什么礼物,33.0
朋友的女朋友过生日送什么礼物好,11.0
朋友的女朋友过生日送什么礼物好呢,4.0
朋友的女朋友过生日送什么礼物比较好,2.0
朋友的妈妈生日送什么礼物,13.0
朋友的小孩过生日送什么礼物,2.0
朋友老婆生日送什么礼物,2.0
朋友老婆过生日送什么礼物好,1.0
朋友过18岁生日.送什么礼物,1.0
朋友过生日一船都送什么礼物,1.0
朋友过生日买多少钱礼物好,1.0
朋友过生日送什么礼物好女生,3.0
朋友过生日送什么礼物好男生,1.0
朋友送了礼物怎么发朋友圈,29.0
朋友送我礼物前问我想要吗是不是不真诚,1.0
朋友送我礼物感谢说说,1.0
朋友送我礼物的说说,2.0
朋友送生日礼物怎么说感谢的话,1.0
朋友送的礼物作文400字,2.0
朋友送的礼物怎么发朋友圈说说,4.0
朋友送的礼物感谢说说,1.0
朋友送的礼物说说,9.0
毕业送男生朋友什么礼物,1.0
生日朋友送的礼物图片,4.0
生日朋友送的礼物图片大全,1.0
男士朋友2015本命年送什么礼物好,1.0
男性朋友要去美国送什么礼物,1.0
男生朋友生日送什么礼物好,1.0
男生朋友过生日送什么礼物好,1.0
男生生日送什么礼物好朋友,1.0
看朋友小孩带什么礼物,3.0
看朋友小孩带什么礼物好,1.0
第一次去朋友新家带什么礼物,1.0
第一次送朋友礼物应该怎么说,1.0
粘土做礼物送朋友图片大全,1.0
给好朋友一岁的男宝宝买什么礼物,1.0
给朋友一份的礼物英语作文,1.0
给朋友妈妈的生日礼物送什么礼物好,2.0
给美国的中国朋友带什么礼物,1.0
英语作文给朋友送生日礼物,2.0
见女朋友的朋友带什么礼物,3.0
见女朋友的朋友带什么礼物好,1.0
见朋友小孩买什么礼物,1.0
谢谢朋友的礼物的说说,7.0
谢谢朋友的礼物说说,6.0
谢谢朋友送的礼物句子,1.0
谢谢朋友送的礼物说说,1.0
过年看朋友带什么礼物,1.0
这些礼物都是送给朋友的英文翻,1.0
这样的礼物能够送给小孩也可以送给朋友,1.0
送一份礼物给多年未见的朋友作文,1.0
送朋友18岁生日的礼物,19.0
送朋友18岁生日的礼物好,4.0
送朋友女儿礼物排行榜,1.0
送朋友妈妈礼物排行榜,1.0
送朋友有意义的礼物男,1.0
送朋友生日礼物的英语作文,1.0
送朋友生日礼物送什么好女孩,2.0
送朋友的爸爸生日礼物送什么,3.0
送朋友的爸爸生日礼物送什么好,1.0
送朋友的礼物上写的诗词,1.0
送朋友礼物写六个字,1.0
送朋友礼物写贺卡,9.0
送朋友礼物写贺卡怎么写,3.0
送朋友礼物怎么发朋友圈文字,1.0
送朋友礼物的说说,10.0
送朋友礼物贺卡写什么,83.0
送朋友礼物贺卡写啥,1.0
送朋友礼物贺卡怎么写,3.0
送男性普通朋友适合送什么礼物,1.0
送男的普通朋友礼物送什么好,2.0
送男的送什么礼物好朋友,2.0
送给好朋友的毕业礼物活动反思,1.0
送给朋友的男宝宝一岁生日礼物,1.0
送给朋友礼物上写的话,1.0
